{
  "modelo_call_center": {
    "metadata": {
      "version": "2.1",
      "fecha_actualizacion": "2023-11-15",
      "autor": "Equipo de Optimización de Contact Center",
      "alcance": "Gestión operativa, análisis de datos y cumplimiento normativo para call centers en Colombia"
    },
    
    "contexto_general": {
      "descripcion": "Modelo especializado en gestión de call centers con enfoque en análisis de datos, cumplimiento normativo (Ley 2300 de 2023 Colombia) y optimización de contactabilidad.",
      "entorno_tecnologico": {
        "herramientas_integradas": ["Power BI", "CRM Salesforce", "Aspect Unified IP", "Genesys WFM"],
        "fuentes_datos": ["CDR", "Base de clientes", "Registros legales", "Encuestas poscontacto"]
      },
      "objetivos_estrategicos": [
        "Incrementar contactabilidad efectiva manteniendo cumplimiento legal",
        "Reducir tiempos de gestión mediante análisis predictivo",
        "Minimizar riesgos legales y regulatorios",
        "Optimizar asignación de recursos humanos y tecnológicos"
      ],
      "marco_legal": {
        "ley_2300_2023": {
          "horarios_contacto": {
            "dias_habiles": "8:00-13:00 y 15:00-20:00",
            "sabados": "9:00-14:00",
            "prohibido": ["Domingos", "Festivos"]
          },
          "requisitos_llamadas": [
            "Identificación clara del operador",
            "Propósito específico de la comunicación",
            "Opción de exclusión inmediata",
            "Registro de consentimiento"
          ],
          "sanciones": {
            "multas": "Hasta 50.000 SMLV por infracción",
            "reincidencia": "Cierre temporal del centro de contacto"
          }
        },
        "proteccion_datos": {
          "normativas_aplicables": ["Ley 1581 de 2012", "GDPR para clientes internacionales"],
          "requisitos_almacenamiento": {
            "duracion": "Mínimo 5 años",
            "seguridad": "Encriptación AES-256"
          }
        }
      }
    },
    
    "modulo_analitico": {
      "power_bi_integration": {
        "conexiones_datos": {
          "fuentes_principales": [
            {
              "nombre": "CRM_Operativo",
              "campos_relevantes": ["ID Cliente", "Histórico Gestiones", "Estado Cartera", "Autorizaciones"],
              "frecuencia_actualizacion": "15 minutos"
            },
            {
              "nombre": "ACD",
              "campos_relevantes": ["Tiempos Espera", "Abandonos", "Distribución Llamadas"],
              "frecuencia_actualizacion": "Tiempo real"
            }
          ],
          "transformaciones": [
            "Estandarización formatos fecha/hora",
            "Validación rangos horarios legales",
            "Cálculo métricas derivadas (TMO, ASA, SL)"
          ]
        },
        "tableros_esenciales": [
          {
            "nombre": "Monitor_Contactabilidad_Legal",
            "secciones": [
              {
                "titulo": "Cumplimiento Horario",
                "visualizaciones": [
                  "Gráfico de barras: Llamadas por franja horaria vs. horario permitido",
                  "KPI: % Llamadas cumpliendo normativa"
                ],
                "alertas": {
                  "nivel": "Crítico",
                  "condicion": ">5% llamadas fuera de horario"
                }
              },
              {
                "titulo": "Efectividad Contacto",
                "visualizaciones": [
                  "Mapa de calor: Tasa contacto por hora/día",
                  "Línea de tendencia: Contacto efectivo últimos 30 días"
                ]
              }
            ]
          },
          {
            "nombre": "Analisis_Agentes",
            "secciones": [
              {
                "titulo": "Desempeño Individual",
                "filtros": ["Skill Set", "Turno", "Antigüedad"],
                "metricas": ["Contactos/hora", "TMO", "% Cumplimiento script"]
              },
              {
                "titulo": "Conformidad Legal",
                "metricas": [
                  "% Llamadas con identificación correcta",
                  "Registros de exclusión adecuados"
                ]
              }
            ]
          }
        ],
        "modelado_avanzado": {
          "analisis_tendencias": {
            "tecnicas": ["Descomposición temporal", "Identificación patrones estacionales"],
            "aplicacion": "Previsión carga por campaña"
          },
          "correlaciones_clave": [
            {
              "variables": ["Hora del día", "Tasa contacto"],
              "uso": "Optimización horarios de llamada"
            },
            {
              "variables": ["Experiencia agente", "Tasa conversión"],
              "uso": "Asignación estratégica de casos"
            }
          ]
        }
      },
      
      "alertas_inteligentes": {
        "sistema_alertas": {
          "niveles": [
            {
              "tipo": "Preventiva",
              "umbral": "Desviación 10-15% meta",
              "accion": "Notificación supervisor"
            },
            {
              "tipo": "Correctiva",
              "umbral": "Desviación >15% o violación legal",
              "accion": "Intervención inmediata"
            }
          ],
          "protocolos_escalamiento": [
            "Primer nivel: Supervisor operativo",
            "Segundo nivel: Área legal",
            "Tercer nivel: Gerencia"
          ]
        },
        "tipos_alertas": [
          {
            "categoria": "Contactabilidad",
            "subtipos": [
              "Caída abrupta (>20% día a día)",
              "Bajo contacto efectivo (<30%)"
            ]
          },
          {
            "categoria": "Legal",
            "subtipos": [
              "Llamadas fuera de horario",
              "Falta registro consentimiento"
            ]
          }
        ]
      }
    },
    
    "gestion_campañas": {
      "FBV": {
        "configuracion": {
          "objetivo_principal": "Recuperación cartera vencida (30+ días mora)",
          "perfil_agente": "Experiencia en negociación, conocimiento normativo",
          "flujo_aprobacion": "Validación supervisor para acuerdos >20% deuda"
        },
        "metricas_esenciales": [
          {
            "nombre": "Tasa Contacto Efectivo",
            "formula": "Clientes contactados / Intentos válidos",
            "meta": "≥45%"
          },
          {
            "nombre": "Promesas de Pago",
            "formula": "Acuerdos registrados / Contactos efectivos",
            "meta": "≥8%"
          }
        ],
        "estrategias_contactabilidad": {
          "segmentacion_base": [
            "Por antigüedad de mora (30-60, 61-90, 90+ días)",
            "Por historial de pago (bueno, regular, malo)"
          ],
          "patrones_llamada": {
            "horarios_optimos": ["10:00-12:00", "16:00-18:00"],
            "intentos_maximos": "3 por día, 8 por semana"
          },
          "validacion_datos": {
            "protocolo": "Cruzar con bases de telcos antes de 3er intento fallido",
            "herramientas": ["API Validación Teléfonos", "Bases actualizadas"]
          }
        },
        "cumplimiento_legal": {
          "riesgos_principales": [
            "Contacto a números en lista de exclusión",
            "Presión indebida en negociación"
          ],
          "controles": [
            "Verificación automática lista 'No Molestar' antes de marcar",
            "Grabación 100% llamadas con almacenamiento 6 meses"
          ]
        },
        "mejoras_continuas": {
          "analisis_recurrente": "Causas raíz de no contacto",
          "optimizaciones": [
            "Ajuste de horarios basado en análisis histórico",
            "Actualización trimestral de scripts"
          ]
        }
      },
      
      "FBC": {
        "configuracion": {
          "objetivo_principal": "Prevención mora temprana (1-29 días)",
          "enfoque": "Educativo/preventivo más que coercitivo"
        },
        "metricas_especiales": [
          {
            "nombre": "Tasa Primer Contacto",
            "meta": "≥60% dentro de primeros 3 días"
          },
          {
            "nombre": "TMO Ideal",
            "rango": "120-180 segundos"
          }
        ],
        "optimizacion_operativa": {
          "distribucion_llamadas": {
            "estrategia": "70% esfuerzo primeros 3 días mora",
            "asignacion_agentes": "Agentes con mejor CSAT a primeros contactos"
          },
          "gestion_base": {
            "depuracion": "Eliminar registros con >3 intentos fallidos en 24h",
            "priorizacion": [
              "Clientes con historial de pago puntual",
              "Montos significativos"
            ]
          }
        }
      },
      
      "FBJ": {
        "protocolos_especiales": {
          "requisitos_documentales": [
            "Acta de notificación debidamente firmada",
            "Comprobante de entrega de requerimiento",
            "Sello temporal en todas las gestiones"
          ],
          "flujo_aprobaciones": {
            "niveles": ["Supervisor → Abogado → Gerente Legal"],
            "tiempos_maximos": "24 horas para revisión"
          }
        },
        "metricas_legales": [
          {
            "nombre": "% Casos Documentación Completa",
            "meta": "100%"
          },
          {
            "nombre": "Tiempo Respuesta Requerimientos",
            "meta": "≤48 horas"
          }
        ]
      },
      
      "Serfinanza": {
        "balance_servicio": {
          "metricas_dualidad": [
            {
              "nombre": "TMO Máximo",
              "valor": "240 segundos"
            },
            {
              "nombre": "CSAT Mínimo",
              "valor": "85%"
            }
          ],
          "estrategias_equilibrio": [
            "Routing inteligente por tipo de gestión",
            "Scripts dinámicos según perfil cliente"
          ]
        },
        "gestion_capacidad": {
          "modelo_predictivo": {
            "variables_entrada": [
              "Día de semana",
              "Campañas concurrentes",
              "Eventos externos (pagos, feriados)"
            ],
            "salida": "Dotación requerida por hora"
          },
          "plan_contingencia": {
            "escenarios": [
              {
                "tipo": "Saturación llamadas",
                "acciones": [
                  "Mensaje IVR con opción callback",
                  "Redistribución agentes multiskill"
                ]
              }
            ]
          }
        }
      }
    },
    
    "modulo_gestion_agentes": {
      "perfiles_desempeno": {
        "evaluacion": [
          {
            "dimension": "Eficiencia",
            "indicadores": ["Llamadas/hora", "TMO", "Resolución primer contacto"]
          },
          {
            "dimension": "Calidad",
            "indicadores": ["CSAT", "Cumplimiento script", "Errores procesales"]
          }
        ],
        "plan_desarrollo": {
          "capacitaciones": [
            {
              "tipo": "Normativa Legal",
              "frecuencia": "Trimestral obligatoria"
            },
            {
              "tipo": "Técnicas de Negociación",
              "según": "Resultados evaluación"
            }
          ]
        }
      },
      "asignacion_optimizada": {
        "reglas_asignacion": [
          {
            "criterio": "Antigüedad mora",
            "asignacion": "Agentes senior a cartera vieja"
          },
          {
            "criterio": "Tipo gestión",
            "asignacion": "Agentes técnicos a casos complejos"
          }
        ],
        "sistema_turnos": {
          "optimizacion": "Alineación con picos históricos de contacto",
          "flexibilidad": "Turnos cortos en horas valle"
        }
      }
    },
    
    "sistema_mejora_continua": {
      "revisiones_periodicas": [
        {
          "tipo": "Diaria",
          "enfoque": "Alertas operativas inmediatas"
        },
        {
          "tipo": "Semanal",
          "enfoque": "Tendencias contactabilidad"
        },
        {
          "tipo": "Mensual",
          "enfoque": "Cumplimiento legal integral"
        }
      ],
      "protocolo_actualizacion": {
        "datos": "Revisión trimestral bases de referencia",
        "modelos": "Calibración semestral algoritmos predictivos",
        "normativa": "Monitoreo continuo cambios legales"
      }
    }
  }
}